timestamp,open,high,low,close,volume
2026-10-04T18:00:00Z,1.17200,1.17230,1.17170,1.17220,100
2026-10-04T18:05:00Z,1.17220,1.17250,1.17200,1.17240,110
2026-10-04T18:10:00Z,1.17240,1.17270,1.17210,1.17260,105
2026-10-04T18:15:00Z,1.17260,1.17280,1.17230,1.17270,120
2026-10-04T18:20:00Z,1.17270,1.17300,1.17250,1.17290,130
2026-10-04T18:25:00Z,1.17290,1.17310,1.17260,1.17300,125
2026-10-04T18:30:00Z,1.17300,1.17320,1.17270,1.17310,118
2026-10-04T18:35:00Z,1.17310,1.17340,1.17280,1.17330,121
2026-10-04T18:40:00Z,1.17330,1.17350,1.17300,1.17340,119
2026-10-04T18:45:00Z,1.17340,1.17360,1.17310,1.17350,123
2026-10-04T18:50:00Z,1.17350,1.17370,1.17320,1.17360,126
2026-10-04T18:55:00Z,1.17360,1.17390,1.17330,1.17380,129
